EnglishName;ContinentOfTheTerritory;RegionOfTheTerritory;ISO3166_1Alpha2Codes;FrenchName
Mongolia;Asia;Eastern Asia;MN;Mongolie
Spain;Europe;Southern Europe;ES;Espagne
Cyprus;Asia;Western Asia;CY;Chypre
Macao;Asia;Eastern Asia;MO;Macao
Heard Island and McDonald Islands;Antarctica;;HM;Heard Island and McDonald Islands
French Guiana;Americas;South America;GF;French Guiana
Democratic Republic of the Congo;Africa;Middle Africa;CD;RDCongo
Guinea-Bissau;Africa;Western Africa;GW;Guinée-Bissau
Papua New Guinea;Oceania;Melanesia;PG;Papouasie-Nouvelle-Guinée
Hungary;Europe;Eastern Europe;HU;Hongrie
Djibouti;Africa;Eastern Africa;DJ;Djibouti
Vanuatu;Oceania;Melanesia;VU;Vanuatu
Cambodia;Asia;South-Eastern Asia;KH;Cambodge
Georgia;Asia;Western Asia;GE;Géorgie
Myanmar;Asia;South-Eastern Asia;MM;Myanmar
Mauritius;Africa;Eastern Africa;MU;Maurice
Cocos (Keeling) Islands;Asia;South-Eastern Asia;CC;Cocos (Keeling) Islands
Afghanistan;Asia;Southern Asia;AF;Afghanistan
Sao Tome and Principe;Africa;Middle Africa;ST;Sao Tomé-et-Principe
Colombia;Americas;South America;CO;Colombie
Czech Republic;Europe;Eastern Europe;CZ;Rï¿½publique tchï¿½que
Japan;Asia;Eastern Asia;JP;Japon
Lao People's Democratic Republic;Asia;South-Eastern Asia;LA;R. Demo. Pop. lao
Tunisia;Africa;Northern Africa;TN;Tunisie
Guyana;Americas;South America;GY;Guyana
Gabon;Africa;Middle Africa;GA;Gabon
Reunion;Africa;Eastern Africa;RE;Reunion
Saudi Arabia;Asia;Western Asia;SA;Arabie saoudite
Taiwan;Asia;Eastern Asia;TW;Taiwan
Guadeloupe;Americas;Caribbean;GP;Guadeloupe
Central African Republic;Africa;Middle Africa;CF;R. centrafricaine
French Polynesia;Oceania;Polynesia;PF;French Polynesia
Azores Islands;Europe;Southern Europe;PT;Portugal
Brazil;Americas;South America;BR;Brésil
Haiti;Americas;Caribbean;HT;Haïti
Malta;Europe;Southern Europe;MT;Malte
Finland;Europe;Northern Europe;FI;Finlande
Turkey;Asia;Western Asia;TR;Turquie
Lithuania;Europe;Northern Europe;LT;Lituanie
Russian Federation;Europe;Eastern Europe;RU;Russie
Zimbabwe;Africa;Eastern Africa;ZW;Zimbabwe
Singapore;Asia;South-Eastern Asia;SG;Singapour
Iceland;Europe;Northern Europe;IS;Islande
Namibia;Africa;Southern Africa;NA;Namibie
Moldova, Republic of;Europe;Eastern Europe;MD;R. de Moldova
Nauru;Oceania;Micronesia;NR;Nauru
Thailand;Asia;South-Eastern Asia;TH;Thaïlande
Nepal;Asia;Southern Asia;NP;Népal
American Samoa;Oceania;Polynesia;AS;American Samoa
Montenegro;Europe;Southern Europe;ME;Monténégro
Svalbard and Jan Mayen Islands;Europe;Northern Europe;SJ;Svalbard and Jan Mayen Islands
Vietnam;Asia;South-Eastern Asia;VN;Viet Nam
Croatia;Europe;Southern Europe;HR;Croatie
Mayotte;Africa;Eastern Africa;YT;Mayotte
Cameroon;Africa;Middle Africa;CM;Cameroun
Hong Kong;Asia;Eastern Asia;HK;Hong Kong
Yemen;Asia;Western Asia;YE;Yémen
Western Sahara;Africa;Northern Africa;EH;Western Sahara
Tokelau;Oceania;Polynesia;TK;Tokelau
United States of America;Americas;Northern America;US;USA
Grenada;Americas;Caribbean;GD;Grenade
Cayman Islands;Americas;Caribbean;KY;Cayman Islands
Dominican Republic;Americas;Caribbean;DO;Rï¿½publique dominicaine
Egypt;Africa;Northern Africa;EG;ï¿½gypte
Germany;Europe;Western Europe;DE;Allemagne
Cï¿½te d'Ivoire;Africa;Western Africa;CI;Cï¿½te d'Ivoire
India;Asia;Southern Asia;IN;Inde
Venezuela;Americas;South America;VE;Venezuela
Bhutan;Asia;Southern Asia;BT;Bhoutan
Sierra Leone;Africa;Western Africa;SL;Sierra Leone
Tonga;Oceania;Polynesia;TO;Tonga
Dominica;Americas;Caribbean;DM;Dominique
Bermuda;Americas;Northern America;BM;Bermuda
South Sudan;Africa;Middle Africa;SS;Soudan du Sud
Bulgaria;Europe;Eastern Europe;BG;Bulgarie
U.K. of Great Britain and Northern Ireland;Europe;Northern Europe;GB;Royaume-Uni de Grande-Bretagne et d'Irlande du Nord
Bahrain;Asia;Western Asia;BH;Bahreï¿½n
Niue;Oceania;Polynesia;NU;Niouï¿½
Somalia;Africa;Eastern Africa;SO;Somalie
Barbados;Americas;Caribbean;BB;Barbade
Puerto Rico;Americas;Caribbean;PR;Puerto Rico
Seychelles;Africa;Eastern Africa;SC;Seychelles
Senegal;Africa;Western Africa;SN;Sï¿½nï¿½gal
Greece;Europe;Southern Europe;GR;Grï¿½ce
West Bank;Asia;Western Asia;PS;ï¿½tat de Palestine
Andorra;Europe;Southern Europe;AD;Andorre
Australia;Oceania;Australia and New Zealand;AU;Australie
Bouvet Island;Antarctica;;BV;Bouvet Island
The former Yugoslav Republic of Macedonia;Europe;Southern Europe;MK;Macï¿½doine du Nord
Peru;Americas;South America;PE;Pï¿½rou
Benin;Africa;Western Africa;BJ;Bï¿½nin
Paraguay;Americas;South America;PY;Paraguay
Mexico;Americas;Central America;MX;Mexique
Romania;Europe;Eastern Europe;RO;Roumanie
Belarus;Europe;Eastern Europe;BY;Bï¿½larus
Ecuador;Americas;South America;EC;ï¿½quateur
Sudan;Africa;Northern Africa;SD;Soudan
United Republic of Tanzania;Africa;Eastern Africa;TZ;Rï¿½publique-Unie de Tanzanie
Micronesia (Federated States of);Oceania;Micronesia;FM;Micronï¿½sie
Switzerland;Europe;Western Europe;CH;Suisse
Austria;Europe;Western Europe;AT;Autriche
Luxembourg;Europe;Western Europe;LU;Luxembourg
Kazakhstan;Asia;Central Asia;KZ;Kazakhstan
Aruba;Americas;Caribbean;AW;Aruba
Holy See;Europe;Southern Europe;VA;Saint-Siï¿½ge
Equatorial Guinea;Africa;Middle Africa;GQ;Guinï¿½e ï¿½quatoriale
Jamaica;Americas;Caribbean;JM;Jamaï¿½que
Estonia;Europe;Northern Europe;EE;Estonie
Niger;Africa;Western Africa;NE;Niger
Belize;Americas;Central America;BZ;Belize
Morocco;Africa;Northern Africa;MA;Maroc
Turks and Caicos Islands;Americas;Caribbean;TC;Turks and Caicos Islands
Bolivia;Americas;South America;BO;Bolivie (ï¿½tat plurinational de)
Cuba;Americas;Caribbean;CU;Cuba
China;Asia;Eastern Asia;CN;Chine
Iraq;Asia;Western Asia;IQ;Iraq
Martinique;Americas;Caribbean;MQ;Martinique
Malaysia;Asia;South-Eastern Asia;MY;Malaisie
Sweden;Europe;Northern Europe;SE;Suï¿½de
Ghana;Africa;Western Africa;GH;Ghana
Angola;Africa;Middle Africa;AO;Angola
Oman;Asia;Western Asia;OM;Oman
Republic of Korea;Asia;Eastern Asia;KR;Rï¿½publique de Corï¿½e
Montserrat;Americas;Caribbean;MS;Montserrat
Liberia;Africa;Western Africa;LR;Libï¿½ria
Rwanda;Africa;Eastern Africa;RW;Rwanda
Nicaragua;Americas;Central America;NI;Nicaragua
Mozambique;Africa;Eastern Africa;MZ;Mozambique
Palau;Oceania;Micronesia;PW;Palaos
Canada;Americas;Northern America;CA;Canada
Ethiopia;Africa;Eastern Africa;ET;ï¿½thiopie
Greenland;Americas;Northern America;GL;Greenland
Comoros;Africa;Eastern Africa;KM;Comores
Guatemala;Americas;Central America;GT;Guatemala
Kyrgyzstan;Asia;Central Asia;KG;Kirghizistan
Suriname;Americas;South America;SR;Suriname
Poland;Europe;Eastern Europe;PL;Pologne
Costa Rica;Americas;Central America;CR;Costa Rica
Indonesia;Asia;South-Eastern Asia;ID;Indonï¿½sie
Liechtenstein;Europe;Western Europe;LI;Liechtenstein
Kiribati;Oceania;Micronesia;KI;Kiribati
Fiji;Oceania;Melanesia;FJ;Fidji
Malawi;Africa;Eastern Africa;MW;Malawi
Netherlands;Europe;Western Europe;NL;Pays-Bas
Chad;Africa;Middle Africa;TD;Tchad
Trinidad and Tobago;Americas;Caribbean;TT;Trinitï¿½-et-Tobago
Slovakia;Europe;Eastern Europe;SK;Slovaquie
Mali;Africa;Western Africa;ML;Mali
Armenia;Asia;Western Asia;AM;Armï¿½nie
Albania;Europe;Southern Europe;AL;Albanie
Gibraltar;Europe;Southern Europe;GI;Gibraltar
Argentina;Americas;South America;AR;Argentine
Congo;Africa;Middle Africa;CG;Congo
Bahamas;Americas;Caribbean;BS;Bahamas
Chile;Americas;South America;CL;Chili
Guinea;Africa;Western Africa;GN;Guinï¿½e
British Indian Ocean Territory;Africa;Eastern Africa;IO;British Indian Ocean Territory
Saint Kitts and Nevis;Americas;Caribbean;KN;Saint-Kitts-et-Nevis
Solomon Islands;Oceania;Melanesia;SB;ï¿½les Salomon
Pitcairn Island;Oceania;Polynesia;PN;Pitcairn Island
Saint Lucia;Americas;Caribbean;LC;Sainte-Lucie
Turkmenistan;Asia;Central Asia;TM;Turkmï¿½nistan
French Southern and Antarctic Territories;Antarctica;;TF;French Southern and Antarctic Territories
Slovenia;Europe;Southern Europe;SI;Slovï¿½nie
El Salvador;Americas;Central America;SV;El Salvador
Cook Islands;Oceania;Polynesia;CK;ï¿½les Cook
Nigeria;Africa;Western Africa;NG;Nigï¿½ria
Norfolk Island;Oceania;Australia and New Zealand;NF;Norfolk Island
Monaco;Europe;Western Europe;MC;Monaco
Gambia;Africa;Western Africa;GM;Gambie
Timor-Leste;Asia;South-Eastern Asia;TL;Timor-Leste
Honduras;Americas;Central America;HN;Honduras
Botswana;Africa;Southern Africa;BW;Botswana
Burkina Faso;Africa;Western Africa;BF;Burkina Faso
Ukraine;Europe;Eastern Europe;UA;Ukraine
New Zealand;Oceania;Australia and New Zealand;NZ;Nouvelle-Zï¿½lande
Kenya;Africa;Eastern Africa;KE;Kenya
Kuwait;Asia;Western Asia;KW;Koweï¿½t
Brunei Darussalam;Asia;South-Eastern Asia;BN;Brunï¿½i Darussalam
Cape Verde;Africa;Western Africa;CV;Cabo Verde
Italy;Europe;Southern Europe;IT;Italie
Iran (Islamic Republic of);Asia;Southern Asia;IR;Iran
United Arab Emirates;Asia;Western Asia;AE;ï¿½mirats arabes unis
British Virgin Islands;Americas;Caribbean;VG;British Virgin Islands
San Marino;Europe;Southern Europe;SM;Saint-Marin
Zambia;Africa;Eastern Africa;ZM;Zambie
Latvia;Europe;Northern Europe;LV;Lettonie
Marshall Islands;Oceania;Micronesia;MH;ï¿½les Marshall
Syrian Arab Republic;Asia;Western Asia;SY;Rï¿½publique arabe syrienne
Sri Lanka;Asia;Southern Asia;LK;Sri Lanka
Uganda;Africa;Eastern Africa;UG;Ouganda
Uzbekistan;Asia;Central Asia;UZ;Ouzbï¿½kistan
Ireland;Europe;Northern Europe;IE;Irlande
Eritrea;Africa;Eastern Africa;ER;ï¿½rythrï¿½e
Swaziland;Africa;Southern Africa;SZ;Eswatini
New Caledonia;Oceania;Melanesia;NC;New Caledonia
Falkland Islands (Malvinas);Americas;South America;FK;Falkland Islands (Malvinas)
Pakistan;Asia;Southern Asia;PK;Pakistan
South Africa;Africa;Southern Africa;ZA;Afrique du Sud
Democratic People's Republic of Korea;Asia;Eastern Asia;KP;Rï¿½publique populaire dï¿½mocratique de Corï¿½e
Maldives;Asia;Southern Asia;MV;Maldives
Lebanon;Asia;Western Asia;LB;Liban
Bosnia & Herzegovina;Europe;Southern Europe;BA;Bosnie-Herzï¿½govine
Jordan;Asia;Western Asia;JO;Jordanie
Qatar;Asia;Western Asia;QA;Qatar
Tuvalu;Oceania;Polynesia;TV;Tuvalu
Saint Vincent and the Grenadines;Americas;Caribbean;VC;Saint-Vincent-et-les Grenadines
Christmas Island;Asia;South-Eastern Asia;CX;Christmas Island
United States Virgin Islands;Americas;Caribbean;VI;United States Virgin Islands
Faroe Islands;Europe;Northern Europe;FO;Faroe Islands
Lesotho;Africa;Southern Africa;LS;Lesotho
Tajikistan;Asia;Central Asia;TJ;Tadjikistan
Burundi;Africa;Eastern Africa;BI;Burundi
Philippines;Asia;South-Eastern Asia;PH;Philippines
Madagascar;Africa;Eastern Africa;MG;Madagascar
Azerbaijan;Asia;Western Asia;AZ;Azerbaï¿½djan
Mauritania;Africa;Western Africa;MR;Mauritanie
Northern Mariana Islands;Oceania;Micronesia;MP;Northern Mariana Islands
France;Europe;Western Europe;FR;France
Serbia;Europe;Southern Europe;RS;Serbie
Uruguay;Americas;South America;UY;Uruguay
Guam;Oceania;Micronesia;GU;Guam
Panama;Americas;Central America;PA;Panama
Netherlands Antilles;Americas;Caribbean;AN;Netherlands Antilles
Algeria;Africa;Northern Africa;DZ;Algï¿½rie
Togo;Africa;Western Africa;TG;Togo
Antigua & Barbuda;Americas;Caribbean;AG;Antigua-et-Barbuda
Norway;Europe;Northern Europe;NO;Norvï¿½ge
Bangladesh;Asia;Southern Asia;BD;Bangladesh
Denmark;Europe;Northern Europe;DK;Danemark
Belgium;Europe;Western Europe;BE;Belgique
Samoa;Oceania;Polynesia;WS;Samoa
Anguilla;Americas;Caribbean;AI;Anguilla
Israel;Asia;Western Asia;IL;Israï¿½l
Libyan Arab Jamahiriya;Africa;Northern Africa;LY;Libye
